Suburb,State / Territory,Post Code
Inverell,NSW,2360
Adelaide,SA,5000
Stirling,WA,6021
Berkeley vale,NSW,
Helensburgh,NSW,2508
Canning Vale,WA,6155
,NSW,
Canning Vale,WA,6155
Villawood,NSW,
Bamawm Extension,VIC,3564
Northbridge,WA,6003
Millswood,SA,5034
,VIC,
,VIC,
,VIC,
,VIC,
,VIC,
,VIC,
,VIC,
Melbourne,VIC,
Hawkesbury,NSW,
Adelaide,SA,5000
Cairns,QLD,
Online Teams Chat,QLD,
,SA,
,WA,
,WA,
,VIC,
,VIC,
,VIC,
,WA,
,WA,
,WA,
,TAS,
,WA,
,WA,
,WA,
,WA,
,WA,
Cairns,QLD,
Charlestown,NSW,2290
,NT,
,NT,
Hawthorn,VIC,3122
Newcastle,NSW,
Melbourne,VIC,3000
Australia,BLANK,
Broome,NSW,
Broome,WA,6725
Melbourne,VIC,3000
Broome,WA,6725
Broome,WA,
Broome,WA,6725
,NSW,
,NSW,
,NT,0870
Sydney CBD,NSW,
Djugun,WA,6725
,NT,
Brisbane,QLD,
Glebe,NSW,2037
,NSW,
Subiaco,WA,6008
Online,NSW,2480
Dubbo,NSW,2830
Frankston North,VIC,3200
Sydney,NSW,
,VIC,
,QLD,
Chermside,QLD,4032
Fitzroy,VIC,3065
Dead Abbo,NT,17ii
Bulleen,VIC,3105
Cabbage Tree Island,NSW,
Kalgoorlie,WA,6430
,NSW,
,NSW,
,NSW,
,NSW,
,NSW,
,NSW,
Cattai,NSW,2756
Sydney,NSW,
Glebe,NSW,2037
Perth,WA,6000
Darwin,NT,
Fitzroy,VIC,3065
Helensburgh,NSW,2508
Frankston North,VIC,3200
Sydney,NSW,2000
marrickville,NSW,
lismore,NSW,2480
Broadway,NSW,
Randwick,NSW,
Doncaster East,VIC,3109
Heathcote,NSW,
Maroubra,NSW,2036
Douglas,QLD,4811
Sydney city,NSW,2000
,NSW,
Perth,WA,6000
Glebe,NSW,2037
The Ponds,NSW,2769
Silverwater,NSW,2128
Port Douglas,QLD,4877
Caulfield,VIC,3162
St Lucia,QLD,4072
ELWOOD,VIC,3184
Waterloo,NSW,
West Gladstone,QLD,4680
,NSW,
Pymble,NSW,2074
Central Coast,NSW,2260
Lpvn Fon S,TAS,Xj Mzfo Wba
Port Lincoln,SA,5606
Nowra,NSW,2541
Nowra,NSW,2541
,NSW,
Coffs Harbour,NSW,2450
Coomera,QLD,
sydney,NSW,2010
Warrandyte,VIC,3113
4814,QLD,4814
Cairns,QLD,4870
,VIC,
Melbourne City,VIC,3011
Newman,WA,6753
Baulkham Hills,NSW,2153
mount druitt,NSW,2770
Cairns City,QLD,
Carrington,NSW,2294
Wanneroo,WA,6065
Glenfield,NSW,2711
Woodville South,SA,5011
Hawthorn,VIC,3122
Melbourne CBD,VIC,3000
Broadwater,NSW,2472
Gladstone Street,TAS,7000
Griffith,NSW,
South Golden Beach,NSW,2483
Kimberley,WA,8300
Lithgow,NSW,2790
Lithgow,NSW,2790
Freshwater,NSW,2096
waverly,NSW,2024
"Footscray, Adelaide, Brisbane, lorne",BLANK,
Clifton Hill,VIC,3068
Annandale,NSW,2038
Coffs Harbour,NSW,2450
Maddington,WA,6109
Berrimah,NT,0828
Bowraville,NSW,2449
Majura,ACT,2609
Hunter New England Local Health District,NSW,
N/A,BLANK,
Fremantle,WA,
Waters street rapid creek,NT,0810
Central Park Cinema,NSW,2007
Goodooga,NSW,2838
Munno Para West,SA,5114
Deception Bay,BLANK,4508
South Hedland,WA,6722
South Hedland,WA,6722
,QLD,
Picnic Point,NSW,
Bassendean,WA,6054
Morningside,QLD,
North Haven,SA,5018
Julia Creek,QLD,4823
Broome,WA,
Adelaide,SA,5000
Charlestown,NSW,2291
Melbourne,VIC,3000
,WA,
Wunkar,SA,5311
Laidley,QLD,4341
Perth/belmont/morley,WA,6000
Gray,NT,0830
Kununurra,WA,
Mildura,VIC,3500
Mildura,VIC,3500
Chinchilla,QLD,4413
,QLD,
Haigslea,QLD,4306
Parkville,VIC,3010
brisbane,QLD,4000
Nerang,QLD,4211
,QLD,
,VIC,
Collingwood,VIC,
Wollongong,NSW,2518
ARMADALE,WA,6112
ARMADALE,WA,6112
Darwin,NT,0800
Townsville City,QLD,4810
Collingwood,VIC,
,SA,
Darwin,NT,0800
Nedlands,WA,6001
Tweed heada,NSW,2486
Everywhere,ACT,
Lismore,NSW,2480
R u l,VIC,Oub g kumtthq
Albany,WA,6330
,NSW,
Newcastle,NSW,2300
Sydney,NSW,2000
Newcastle University,NSW,2290
Tennant Creek,NT,
Groote Eylandt,NT,
Ararat,VIC,3377
Hobart,TAS,7000
Lismore,NSW,2480
Maitland,NSW,2320
Condobolin,NSW,2877
Southport,QLD,
Anuguru,NT,0822
,WA,
,NSW,
St Clair,NSW,2759
,WA,
GLEN INNES,BLANK,2370
Warragul,VIC,3820
Kadina,SA,5556
Karabar,NSW,2620
Adelaide,SA,5000
Cairns/Cairns North,QLD,4870
Forrest,ACT,2603
Doveton,VIC,3177
Bay and basin,NSW,2540
Mr Druitt,NSW,2770
Northcote,VIC,3071
Woombah,NSW,2469
Woombah,NSW,2469
Lalor Mall/ shoppiing centre,VIC,3075
Bathurst,NSW,
North Parramatta,NSW,
,ACT,2000
Syney,NSW,2000
,ACT,2000
Leederville,WA,
Penrith Police Station,NSW,2750
Naarm CBD,VIC,3000
Kiama,NSW,2533
Doreen,VIC,3754
Perth,WA,6031
Melbourne,VIC,3000
HILLCREST,QLD,4118
Canberra,ACT,2601
Darlinghurst,NSW,2010
,QLD,
Quality Knob,BLANK,
Canberra,ACT,
,ACT,
Ocean Shores,NSW,2483
New Lambton,NSW,2305
Breakaways,SA,
Melbourne,VIC,3000
Yagonna,NSW,2200
NA,SA,5061
Wallarawang near Lithgow,NSW,2845
Mickleham,VIC,3064
Perhaps Townsville as group is Townsville based,QLD,
Spring Hill,QLD,4000
South Brisbane,QLD,4101
Many states,BLANK,
Alice Springs,NT,0872
Noosa,QLD,
Ciccone,NT,0870
Melbourne Airport,VIC,
Helensburgh,NSW,2508
,NSW,2546
Marsden paek,NSW,2756
Wellington nsw,NSW,
Erina,NSW,2250
Canterbury girls high school,BLANK,2193
Warrnambool,BLANK,3280
Hawkesdale,VIC,3287
Wyong,NSW,2250
Glenwood,NSW,
Brisbane,QLD,4000
Melbourne,VIC,3000
Port Melbourne,VIC,3207
Ultimo,NSW,2007
,NSW,
Ultimo,BLANK,2007
Perth,WA,
Perth,WA,
Perth,WA,6230
Perth,WA,
Midland,WA,6056
Ballarat,VIC,3350
Wagin,WA,
Lisarow,NSW,2250
Alice Springs,NT,
Sydney,NSW,90111
Melbourne,VIC,
Toukley,NSW,2263
Surf Beach,NSW,2536
,QLD,
,NSW,
Dunwich,QLD,4183
South Brisbane,QLD,
,NSW,
Helensburgh,NSW,2508
Toowoomba,QLD,
St Lucia,QLD,4072
Bulli,NSW,2518
Lake Illawarra Police Station,NSW,2529
Mandurah,WA,6210
"QLD,NSW,ACT,NT,SA",BLANK,
"QLD, NSW, ACT , NT , SA",BLANK,
Redland Bay/Brisbane City,QLD,
Redland Bay/Brisbane City,QLD,
Musgrave Park South bris,QLD,4000
Cherbourg,QLD,4605
Mandurah,WA,6210
Mandurah,WA,6210
Subiaco,WA,6008
,WA,
in comunity,NSW,2322
Hursltone Park,NSW,2193
Townsville,QLD,4815
Alice Springs,NT,0870
Wynnum,QLD,4178
Dubbo,NSW,2830
Dubbo,NSW,2830
Port Adelaide,SA,5016
North Parramatta,NSW,2151
Potts point Kings Cross,NSW,2011
Alice Springs,NT,087p
Casino,NSW,2470
goonellabah,NT,2480
2203,NSW,
Darwin,NT,
,QLD,
Cairns,QLD,4870
Leederville,WA,
Laurieton,NSW,2443
Bardon,QLD,4065
Balmoral and Horsham,VIC,3407 & 3400
Goomeri,QLD,4601
Woodroffe,NT,0830
Canberra,ACT,3602
Casuarina,NT,
Belmont,WA,
MELBOURNE,VIC,3000
Narrabri,NSW,2390
Coburg,VIC,3046
The Moon,NT,2003
"Maroubra Road, Maroubra",NSW,2035
airport West,VIC,????
Parramatta,NSW,2159
New farm,QLD,4005
,QLD,
Mildura,VIC,3500
Mount Louisa,QLD,4814
Coburg,VIC,3057
,SA,
Adelaide Airport,SA,
Lake illawarra,NSW,2528
Holtze,NT,0835
,BLANK,Anywhere
various,WA,6000
Newcastle,NSW,
Armadale,WA,6112
Rockingham,WA,6168
Katherine,NT,
Glenorie,NSW,2157
,NT,
7052,TAS,7052
Katherine,NT,
Adelaide,SA,5000
Thornlie,WA,6108
Eagleby,BLANK,4207
Dubbo,NSW,2830
Oceania (Australis),BLANK,
Noosa Heads,QLD,4567
Wyong,NSW,2259
Goulburn,NSW,2580
Central coast nsw,NSW,2261
Darwin,NT,0830
Laurieton,NSW,2443
Joondalup,WA,6027
Moulden,NT,0830
Beaconsfield,QLD,4740
Altona Meadows,VIC,3028
Altona Meadows,VIC,3028
Melbourne/ Naarm,VIC,3000
Meadowbank,NSW,2104
3043,VIC,3043
Broken Hill,NSW,2880
Mona Vale,NSW,2103
,NSW,
Milton,QLD,
Milton,QLD,
South Townsville,QLD,4810
Comedian show,NSW,Unknown
St Kilda,VIC,3182
Waterloo,NSW,2017
Nelson Bay,NSW,
Alice Springs,NT,0870
Galston,NSW,2159
Annangrove,NSW,2156
Doreen,VIC,3754
Aitkenvale,QLD,4814
Mansfield,QLD,4122
Park Beach,NSW,2450
Darwin,NT,0812
Mansfield,QLD,4122
Taree,NSW,2430
Rockingham,WA,6168
Chisholm,ACT,2905
Rivervale,WA,6103
,NSW,
Redfern,NSW,2000
Waikiki,WA,6169
colonized land,NSW,
North Terrace,SA,5000
Redfern,NSW,
Bulli,NSW,2541
Victoria Park,WA,6100
Perth,WA,6000
Cannington,WA,6147
mirrabooka bus station,WA,6064
Cottosloe Beach,WA,6011
Cottosloe Beach,WA,6011
Cottosloe Beach,BLANK,
Mackay,QLD,4740
High wycombe,WA,6057
Dubbo,NSW,2830
Coffs Harbour,NSW,2450
WA Perthnow(state & national footprint),WA,
"Wildnut Lodge and Game Farm, Louis Trichardt, South Africa0920",BLANK,
Piara Waters,WA,6112
Port Macquarie,NSW,2444
Central Coast,NSW,2250
Port Macquarie,NSW,
Midland,WA,6056
,VIC,
Garbutt,QLD,4810
Midland,WA,6056
Woodridge,QLD,4132
Glebe Bega,NSW,2550
Armadale,WA,6112
Armadale,WA,6112
Civic,ACT,2601
Perth,WA,6000
Moree,NSW,2400
Perth,WA,6000
Canberra City,ACT,2601
Melbourne,VIC,3000
Summer Hill,NSW,2130
Reservoir,VIC,3073
Hurstville,NSW,2221
KALGOORLIE,WA,6430
Hornsby,NSW,2070
Ascot Park,SA,5043
Cowandilla,SA,5033
Cairns,QLD,
Midland,WA,6056
Midland,WA,6056
Sydney,NSW,2259
Sydney,NSW,2000
Sydney,NSW,2000
Temora,NSW,2666
,NT,
The gap,NT,0870
Manly,NSW,
Everton Park,QLD,4053
,NSW,
,NSW,
,NSW,
,NSW,
,NSW,
,NSW,
,NSW,
,NSW,
,NSW,
,NSW,
,NSW,
,NSW,
,NSW,
,NSW,
,NSW,
,NSW,
,NSW,
,NSW,
,NSW,
,NSW,
,NSW,
,NSW,
,NSW,
,NSW,
,NSW,
,NSW,
,NSW,
,NSW,
,NSW,
Gungahlin,ACT,2912
Ultimo,NSW,2007
,NSW,
,NSW,
,NSW,
,NSW,
WA Perthnow(state & national footprint),WA,6000
Halls Creek,WA,
Wee Waa,NSW,2388
,NSW,
,NSW,
,NSW,
,NSW,
,NSW,
Port Macquarie,NSW,
Brisbane,QLD,400
,NSW,
,NSW,
,NSW,
,NSW,
,NSW,
,NSW,
,NSW,
,NSW,
,NSW,
,NSW,
,NSW,
,NSW,
,NSW,
,NSW,
,NSW,
,NSW,
,NSW,
,NSW,
,NSW,
,NSW,
Brisbane,QLD,4000
,NSW,
,NSW,
,NSW,
,NSW,
,NSW,
,NSW,
,NSW,
,NSW,
,NSW,
Bonnels Bay,NSW,
Inala,QLD,4077
,NSW,
,WA,
,NSW,
,NSW,
,NSW,
Newtown,NSW,
,NSW,
,NSW,
,NSW,
,NSW,
Moree,NSW,2400
WA and National,WA,6000
Mareeba,QLD,4880
,NSW,
,NSW,
,NSW,
,NSW,
,NSW,
,NSW,
,NSW,
,NSW,
,NSW,
,NSW,
Camperdown,NSW,2050
,QLD,4010
,NSW,
,NSW,
,NSW,
Mount Gambier,SA,5290
,NSW,
,NSW,
,NSW,
,NSW,
Sydney,NSW,2000
,NSW,
,NSW,
Penrith Real estate AgentSSSS,NSW,2747
,NSW,
Adelaide,SA,5000
,NSW,
,NSW,
,NSW,
,NSW,
Hume,ACT,2620
,QLD,4810
,NSW,
,NSW,
katherine,NT,0850
,NSW,
,NSW,
,NSW,
,NSW,
Edmonton,QLD,4869
Edmonton,QLD,4869
Edmonton,QLD,4869
,NSW,
,NSW,
,NSW,
,NSW,
"National,international",NSW,All
Wolvi,QLD,4570
,NSW,
,NSW,
,NSW,
,NSW,
,NSW,
The hallowed halls of our sacred parliament,NSW,2000
,NSW,
Variuos locations across HNELHD,NSW,
,NSW,
,NSW,
,NSW,
,NSW,
,NSW,
,NSW,
,NSW,
,NSW,
,NSW,
,NSW,
,NSW,
,NSW,
,NSW,
Ultimo,NSW,2000
,NSW,
WA Pertnow(state & national footprint),WA,6000
,NSW,
,NSW,
,NSW,
,NSW,
,NSW,
,NSW,
,NSW,
,NSW,
,NSW,
,NSW,
,NSW,
,NSW,
,NSW,
,NSW,
,NSW,
,NSW,
,NSW,
,NSW,
,NSW,
,NSW,
,NSW,
,NSW,
,NSW,
,NSW,
,NSW,
,NSW,
,NSW,
,NSW,
,NSW,
Every opportunity publicly privately and openly,NSW,2770
,NSW,
,NSW,
,NSW,
,NSW,
,NSW,
,NSW,
,NSW,
,NSW,
,NSW,
,NSW,
,NSW,
,NSW,
,NSW,
,NSW,
Willmot,NSW,2770
,NSW,
,NSW,
,NSW,
,NSW,
,NSW,
,NSW,
,NSW,
,NSW,
Belconnen,ACT,
,NSW,
,NSW,
,NSW,
,NSW,
,NSW,
,NSW,
,NSW,
,NSW,
,NSW,
Gosnells,WA,6110
,NSW,
,NSW,
,NSW,
,NSW,
,NSW,
,NSW,
,NSW,
,NSW,
,NSW,
Kununurra,WA,6743
Cairns City,QLD,4870
,NSW,
,NSW,
,NSW,
,NSW,
,NSW,
Greenough,WA,6532
,NSW,
,NSW,
,NSW,
,NSW,
,NSW,
,NSW,
,NSW,
,NSW,
,NSW,
,NSW,
,NSW,
,NSW,
,NSW,
,NSW,
,NSW,
,NSW,
,NSW,
,NSW,
,NSW,
,NSW,
,NSW,
,NSW,
,NSW,
,NSW,
,NSW,
,NSW,
,NSW,
,NSW,
,NSW,
Sydney,NSW,2000
,NSW,
,NSW,
,NSW,
,NSW,
,NSW,
,NSW,
Peppermint Grove,WA,6011
,NSW,
,NSW,
,NSW,
Gardens,NT,0810
Gardens,NT,0810
,NSW,
,NSW,
Broken Hill,NSW,2880
,NSW,
,NSW,
,NSW,
,NSW,
Newtown,NSW,2300
,WA,
,NSW,
,NSW,
,NSW,
,NSW,
,NSW,
,NSW,
,NSW,
St Marys,NSW,2760
,NSW,
Williamtown,NSW,
Williamtown,NSW,
,NSW,
,NSW,
,NSW,
,NSW,
,NSW,
,NSW,
,NSW,
,NSW,
,NSW,
Brisbane,QLD,4000
,NSW,
,NSW,
,NSW,
,NSW,
,NSW,
,NSW,
,NSW,
,WA,
Boddington,WA,6390
,NSW,
Parramatta,NSW,2145
,NSW,
,NSW,
,NSW,
,NSW,
,NSW,
Cairns,QLD,4870
,NSW,
,NSW,
,NSW,
,NSW,
,NSW,
,NSW,
,NSW,
,NSW,
,NSW,
,NSW,
,NSW,
,NSW,
,NSW,
,NSW,
,NSW,
,NSW,
,NSW,
,NSW,
,NSW,
,NSW,
,NSW,
,NSW,
,NSW,
,NSW,
,NSW,
Warwick,QLD,4370
,NSW,
Dubbo,NSW,
,NSW,
,NSW,
,NSW,
,NSW,
,NSW,
,NSW,
,NSW,
,NSW,
New Lambton,NSW,2300
,NSW,
,NSW,
,NSW,
,NSW,
,NSW,
,NSW,
,NSW,
,NSW,
,NSW,
,NSW,
,NSW,
,NSW,
,NSW,
Cowra and Bathurst,NSW,2794/2795
Cowra and Bathurst,NSW,2794/2795
,NSW,
,NSW,
,NSW,
,NSW,
,NSW,
,NSW,
,NSW,
,NSW,
,NSW,
,NSW,
,NSW,
,NSW,
,NSW,
,VIC,
,NSW,
,NSW,
,NSW,
,NSW,
,NSW,
,NSW,
,NSW,
,NSW,
,NSW,
,NSW,
,NSW,
,NSW,
,NSW,
,NSW,
,NSW,
,NSW,
,NSW,
,NSW,
Chermside,QLD,
,NSW,
,NSW,
,NSW,
,NSW,
,NSW,
,NSW,
,NSW,
,NSW,
,NSW,
,NSW,
,NSW,
Lambton,NSW,
Yarrabah,QLD,4895
,NSW,
,NSW,
,NSW,
,NSW,
,NSW,
,NSW,
Manly,NSW,
,NSW,
,NSW,
,NSW,
,NSW,
,NSW,
,NSW,
,NSW,
,NSW,
,NSW,
,NSW,
,NSW,
,NSW,
,NSW,
,NSW,
,NSW,
,NSW,
Taree,NSW,243p
,NSW,
,VIC,
,NSW,
,NSW,
,NSW,
,NSW,
,NSW,
,NSW,
,NSW,
,NSW,
across north-west NSW,NSW,2340
East Maitland,NSW,2323
Newcastle,NSW,2300
Taree,NSW,2430
,NSW,
,NSW,
,NSW,
,NSW,
,NSW,
,NSW,
,NSW,
Mt Druitt,NSW,2770
Mt Druitt,NSW,2770
,NSW,
,NSW,
,NSW,
,NSW,
,NSW,
,NSW,
,NSW,
,NSW,
,NSW,
Inala,QLD,4077
,NSW,
,NSW,
,NSW,
,NSW,
,NSW,
,NSW,
,NSW,
,NSW,
,NSW,
Strawberry Hills,NSW,2012
,NSW,
,NSW,
,NSW,
,NSW,
,NSW,
,NSW,
,NSW,
,NSW,
,NSW,
,NSW,
,NSW,
,NSW,
,NSW,
,NSW,
,NSW,
,NSW,
St John of god hospital midland,WA,6056
,NSW,
,NSW,
,NSW,
,NSW,
,NSW,
,NSW,
,NSW,
,NSW,
,NSW,
,NSW,
,NSW,
,NSW,
CANBERRA,ACT,2600
,NSW,
,NSW,
Redfern,NSW,
,NSW,
,NSW,
,NSW,
Perth,WA,6000
,NSW,
,NSW,
,NSW,
,NSW,
,NSW,
,NSW,
,NSW,
,NSW,
,NSW,
,NSW,
Seymour,VIC,3660
,NSW,
,NSW,
,NSW,
,NSW,
,NSW,
,NSW,
,NSW,
,NSW,
,NSW,
,NSW,
,NSW,
Ocean Shores,NSW,2483
,NSW,
,NSW,
,NSW,
,NSW,
,NSW,
,NSW,
,NSW,
,NSW,
Bowraville,NSW,
,NSW,
,NSW,
,NSW,
Sydney,NSW,2300
,NSW,
Kingscliff,NSW,2487
Tullamarine Airport,VIC,3045
,NSW,
,NSW,
Sydney,NSW,2300
Perth,WA,600
,NSW,
,NSW,
,NSW,
,NSW,
,NSW,
,NSW,
,NSW,
,NSW,
,NSW,
,NSW,
,NSW,
,NSW,
,NSW,
,NSW,
,NSW,
Bella Vista,NSW,2155
,NSW,
Broome,WA,6725
,NSW,
Yowie Bay,NSW,2228
,NSW,
,NSW,
,NSW,
,NSW,
,NSW,
,NSW,
,NSW,
,NSW,
,NSW,
,NSW,
,NSW,
,NSW,
,NSW,
,NSW,
,NSW,
,NSW,
,NSW,
,VIC,
,NSW,
,NSW,
,NSW,
,NSW,
,NSW,
,NSW,
,NSW,
,NSW,
,NSW,
,NSW,
,NSW,
,NSW,
,NSW,
,NSW,
,NSW,
,NSW,
,NSW,
,NSW,
,NSW,
,NSW,
,NT,
Oak flats,NSW,2527
Oak flats,NSW,2527
,NSW,
,NSW,
,NSW,
,NSW,
CANBERRA AIRPORT,ACT,2600
,NSW,
,NSW,
,NSW,
Darwin,NT,0800
,NSW,
,NSW,
,NSW,
,NSW,
,NSW,
Alice Springs,NT,
,NSW,
,NSW,
,NSW,
,NSW,
,NSW,
,NSW,
Newman,WA,6753
,NSW,
,NSW,
,NSW,
,NSW,
,NSW,
,NSW,
Riverstone,NSW,2765
,NSW,
,NSW,
,NSW,
,NSW,
,NSW,
,NSW,
,NSW,
Sydney,NSW,
,NSW,
,NSW,
,NSW,
,NSW,
,NSW,
,NSW,
,NSW,
,NSW,
,NSW,
,NSW,
,NSW,
,NSW,
,NSW,
,NSW,
,NSW,
,NSW,
Osborne Park,WA,6017
,NSW,
,NSW,
,NSW,
,NSW,
,NSW,
,NSW,
,NSW,
Ballina,NSW,2478
Rose Bay,NSW,
,NSW,
,NSW,
,NSW,
,NSW,
,NSW,
Alice Springs,NT,0870
,NSW,
,NSW,
,NSW,
,NSW,
,NSW,
,NSW,
,NSW,
,NSW,
,NSW,
,NSW,
Balga,WA,6061
,NSW,
,ACT,
,NSW,
,NSW,
,NSW,
,NSW,
,NSW,
,NSW,
,NSW,
Kensington,NSW,
Mascot,NSW,2020
Robina,QLD,4209
,NSW,
,NSW,
,NSW,
,NSW,
,NSW,
,NSW,
,NSW,
,NSW,
,NSW,
,NSW,
,NSW,
,NSW,
Mascot,NSW,2020
,NSW,
,NSW,
Edmonton,QLD,
,NSW,
,NSW,
,NSW,
,NSW,
,NSW,
,NSW,
CANBERRA AIRPORT,ACT,2600
,NSW,
,NSW,
,NSW,
,NSW,
Canberra,ACT,
,NSW,
Adelaide,SA,5000
,NSW,
,NSW,
,NSW,
,NSW,
,NSW,
,NSW,
,NSW,
,NSW,
Nowra,NSW,2540
Coolangatta,QLD,4225
,NSW,
,NSW,
,QLD,
,NSW,
,NSW,
,NSW,
,NSW,
,NSW,
,NSW,
South Kalgoorlie,WA,6430
,NSW,
,NSW,
,NSW,
,NSW,
Warrnambool,VIC,3280
,NSW,
Warrnambool,VIC,3280
Melbourne,VIC,3000
,NSW,
,NSW,
,NSW,
Midland,WA,6056
,NSW,
,NSW,
,NSW,
,NSW,
,NSW,
,NSW,
,NSW,
,NSW,
Kalkaringi/Daguragu community,NT,O852
,NSW,
,NSW,
,NSW,
,NSW,
,NSW,
,ACT,
,NSW,
,NSW,
,NSW,
,NSW,
PORT AUGUSTA,SA,5700
Townsvlle,QLD,4810
,NSW,
,NSW,
,NSW,
,NSW,
,NSW,
,NSW,
,NSW,
,NSW,
,NSW,
,NSW,
,NSW,
,NSW,
,NSW,
,NSW,
,NSW,
Sydney,NSW,2000
,NSW,
,NSW,
,NSW,
every campus within TAFE SA,SA,all of SA
Ballina,NSW,2478
,NSW,
,NSW,
Ballina,NSW,2478
Toowoomba,QLD,4350
,NSW,
,NSW,
Katherine East,NT,0850
,NSW,
,NSW,
Bega,NSW,2550
Canberra Airport,ACT,2600
,NSW,
Perth,WA,6000
Benowa,QLD,4213
Benowa,QLD,4213
,NSW,
,NSW,
,NSW,
,NSW,
"Park Avenue,  Rockhampton",QLD,4701
Campbelltown,NSW,2560
,NSW,
,NSW,
,NSW,
,NSW,
,NSW,
Canberra,ACT,
,NSW,
,NSW,
,WA,6056
,NSW,
Melbourne city and Fitzroy - Coburg north,VIC,3000
,NSW,
,NSW,
Bentley,WA,6102
,NSW,
,NSW,
,NSW,
,NSW,
,NSW,
,VIC,
,NSW,
,NSW,
Buderim,QLD,4556
,NSW,
,NSW,
,NSW,
,NSW,
,NSW,
,QLD,
,NSW,
,NSW,
Casuarina,WA,
,NSW,
,NSW,
,NSW,
,NSW,
,NSW,
,NSW,
,NSW,
,NSW,
,NSW,
,NSW,
,NSW,
,NSW,
,NSW,
,NSW,
,NSW,
,NSW,
,NSW,
,NSW,
,NSW,
,NSW,
,NSW,
,NSW,
,NSW,
,NSW,
,NSW,
,NSW,
,NSW,
,NSW,
,NSW,
,NSW,
caringbah,NSW,2228
Byron Bay,NSW,
,NSW,
,NSW,
,NSW,
Nedlands,WA,6009
Midland,WA,6056
,NSW,
Perth,WA,6000
Midland,WA,6056
,NSW,
,NSW,
,NSW,
,NSW,
,NSW,
,NSW,
,NSW,
,NSW,
,NSW,
,NSW,
Melbourne city and Fitzroy - Coburg north,VIC,3000
Dubbo,NSW,2830
,NSW,
Literally everywhere,NSW,
,NSW,
,NSW,
,VIC,
Nation wide organisation,NSW,
,NSW,
,NSW,
,NSW,
,NSW,
,NSW,
,NSW,
,NSW,
,NSW,
,NSW,
,NSW,
,NSW,
,NSW,
,NSW,
,NSW,
,NSW,
,WA,
,NSW,
,NSW,
,NSW,
,NSW,
,NSW,
,NSW,
,NSW,
,NSW,
,NSW,
,NSW,
,NSW,
ACTON,ACT,2602
,NSW,
,NSW,
,NSW,
,NSW,
,NSW,
,NSW,
Betoota,NSW,
,NSW,
,NSW,
,NSW,
,NSW,
,NSW,
,NSW,
,NSW,
,NSW,
,NSW,
,NSW,
,NSW,
,NSW,
,NSW,
Woden,ACT,
Innisfail,QLD,4860
,NSW,
,NSW,
,NSW,
Strathfield,NSW,
,NSW,
,NSW,
,NSW,
melb,VIC,3000
,NSW,
Canberra Airport,ACT,2600
,WA,
,NSW,
,NSW,
,NSW,
,NSW,
,NSW,
,NSW,
,NSW,
,NSW,
,NSW,
,NSW,
Lysterfield,VIC,
,NSW,
Townsville,QLD,4810
,NSW,
,NSW,
,NSW,
,NSW,
,NSW,
,NSW,
,NSW,
,NSW,
,NSW,
,NSW,
,NSW,
,NSW,
,NSW,
Farnborough Heights,NSW,
,NSW,
,NSW,
,NSW,
Queensland,QLD,
,NSW,
Ipswich,QLD,4305
,NSW,
,NSW,
Tullamarine,VIC,
,NSW,
Armidale,NSW,2350
,NSW,
,NSW,
,NSW,
,NSW,
,NSW,
,NSW,
,NSW,
,NSW,
,NSW,
,NSW,
,NSW,
,NSW,
,NSW,
,NSW,
,NSW,
,NSW,
,NSW,
,NSW,
,NSW,
,NSW,
,NSW,
,NSW,
,NSW,
,NSW,
,NSW,
,NSW,
,NSW,
,NSW,
,NSW,
,NSW,
,NSW,
,NSW,
,NSW,
,NSW,
,NSW,
,NSW,
Willows,QLD,
,NSW,
,NSW,
,NSW,
,NSW,
Clayton,VIC,3168
,NSW,
,NSW,
,NSW,
,NSW,
,NSW,
,NSW,
,NSW,
,NSW,
,VIC,
,NSW,
,NSW,
,NSW,
,NSW,
,NSW,
,NSW,
,NSW,
,NSW,
,NSW,
,NSW,
,NSW,
,NSW,
,NSW,
,NSW,
,ACT,
,NSW,
,NSW,
,NSW,
,NSW,
,NSW,
Sandy Bay,TAS,7002
,QLD,
,NSW,
,NSW,
,NSW,
,QLD,
,NSW,
,NSW,
,NT,
,NSW,
,NSW,
,NSW,
,NSW,
,NSW,
,NSW,
,NSW,
,NSW,
,NSW,
,NSW,
,NSW,
,NSW,
Caboolture,QLD,4510
,NSW,
,NSW,
,NSW,
,NSW,
Sutherland,NSW,2232
,NSW,
,NSW,
,NSW,
,NSW,
,NSW,
,NSW,
,NSW,
,NSW,
,NSW,
Darwin City,NT,0800
,NSW,
,NSW,
,NSW,
,NSW,
,NSW,
,NSW,
Adelaide,SA,5001
,NSW,
,NSW,
,NSW,
,NSW,
,NSW,
Adelaide,SA,5001
,NSW,
,NSW,
Tweed Heads,NSW,2485
,NSW,
,TAS,
,NSW,
,NSW,
Canberra Airport,ACT,2609
,NSW,
,NSW,
,NSW,
,NSW,
,NSW,
,NSW,
,NSW,
Adelaide,SA,5000
,NSW,
,NSW,
,NSW,
,NSW,
,NSW,
,NSW,
,NSW,
,NSW,
,NSW,
,NSW,
,NSW,
,NSW,
,NSW,
,NSW,
,NSW,
,NSW,
,NSW,
,NSW,
,NSW,
,NSW,
,NSW,
,NSW,
,NSW,
,NSW,
,NSW,
,NSW,
,NSW,
,NSW,
,NSW,
Brisbane,QLD,
,NSW,
,NSW,
,NSW,
,NSW,
,NSW,
,NSW,
,NSW,
,NSW,
,NSW,
,NSW,
,NSW,
,NSW,
,NSW,
Alice springs,NT,0870
,NSW,
,NSW,
,NSW,
,NSW,
,NSW,
,NSW,
,NSW,
,NSW,
,NSW,
,NSW,
Darwin International Airport,NT,0820
,NSW,
,NSW,
,NSW,
,NSW,
,NSW,
,NSW,
Alice Springs,NT,0870
"Sydney, Melbourne, Adelaide, Brisbane, Perth",NSW,2000
,NSW,
,NSW,
,NSW,
,NSW,
,NSW,
,ACT,
,NSW,
,NSW,
,NSW,
Sydney,NSW,2000
,NSW,
,NSW,
,NSW,
,NSW,
,NSW,
,NSW,
,NSW,
,NSW,
,NSW,
,NSW,
,NSW,
,NSW,
,NSW,
,NSW,
Altona,VIC,3018
,NSW,
,NSW,
,NSW,
Canberra,ACT,
,NSW,
,NSW,
,NSW,
Brisbane,QLD,4000
,NSW,
Melbourne,NSW,3337
,NSW,
,NSW,
,NSW,
,NSW,
,NSW,
,NSW,
,NSW,
,NSW,
,NSW,
,NSW,
,NSW,
,NSW,
Fremantle,WA,6160
Townsville,QLD,4810
,NSW,
,NSW,
,NSW,
,NSW,
,NSW,
,NSW,
,NSW,
Westmead,NSW,2145
Erskineville,NSW,2043
,NSW,
,NSW,
,NSW,
,NSW,
,NSW,
,NSW,
,NSW,
,NSW,
,NSW,
,NSW,
,NSW,
,NSW,
,NSW,
,NSW,
Liverpool,NSW,2170
Liverpool,NSW,2170
,NSW,
,NSW,
,NSW,
,NSW,
,NSW,
,NSW,
,NSW,
,NSW,
,NSW,
qwertyuiop,VIC,3000
,VIC,
,NSW,
,NSW,
,NSW,
,NSW,
,NSW,
Federation Square - Melbourne,VIC,
,NSW,
,NSW,
,NSW,
Balga,WA,
McMahons Point,NSW,2060
Darwin,NT,0800
,NSW,
,NSW,
,NSW,
,NSW,
,NSW,
,NSW,
,NSW,
,NSW,
,NSW,
,NSW,
,NSW,
,NSW,
,NSW,
,NSW,
Melton South/Footscray,VIC,3338
,NSW,
,NSW,
,NSW,
,NSW,
,NSW,
Hume,ACT,2905
Derby,WA,6728
,NSW,
,NSW,
,NSW,
,NSW,
,NSW,
,NSW,
,NSW,
Darwin,NT,0801
,NSW,
,NSW,
,NSW,
,NSW,
,NSW,
Thuringowa,QLD,4817
,NSW,
,NSW,
,NSW,
,NSW,
,NSW,
,NSW,
,NSW,
,NSW,
,NSW,
,NSW,
,NSW,
,NSW,
,NSW,
,NSW,
,NSW,
,NSW,
,NSW,
,NSW,
,NSW,
,NSW,
,NSW,
,NSW,
,NSW,
,NSW,
,NSW,
,NSW,
,NSW,
,NSW,
,NSW,
,NSW,
,NSW,
Marrara,NT,0812
,NSW,
,NSW,
,NSW,
,NSW,
,NSW,
,NSW,
,NSW,
nowra,NSW,2540
,NSW,
,NSW,
,NSW,
,NSW,
,NSW,
,NSW,
,NSW,
,NSW,
,NSW,
,NSW,
,NSW,
,NSW,
,NSW,
,NSW,
Adelaide,SA,5000
,NSW,
,NSW,
,NSW,
,NSW,
Nowra,NSW,2540
,NSW,
,NSW,
,NSW,
,NSW,
,NSW,
,NSW,
,NSW,
,NSW,
,NSW,
Wellard,WA,6170
Northam,WA,
,NSW,
,NSW,
,NSW,
Woodforde,SA,
,NSW,
,NSW,
,NSW,
,NSW,
,NSW,
,NSW,
,NSW,
Leda/Baldivis,WA,6168
Welshpool,WA,
,NSW,
,NSW,
,NSW,
Mcgraths hill,NSW,
,NSW,
,NSW,
,NSW,
,NSW,
,NSW,
,NSW,
,NSW,
,NSW,
,NSW,
,NSW,
,NSW,
,NSW,
,NSW,
,NSW,
Yeppoon,QLD,4703
,NSW,
,NSW,
,NSW,
,NSW,
,NSW,
Geraldton,WA,6530
,NSW,
,NSW,
,NSW,
,NSW,
,NSW,
,NSW,
,NSW,
,NSW,
Yeppoon,QLD,4703
,NSW,
,NSW,
,NSW,
,NSW,
Stanmore,NSW,
,NSW,2000
,NSW,
,NSW,
Roseberry,NSW,2018
Annandale,QLD,4812
,NSW,
,NSW,
,NSW,
,NSW,
,NSW,
,NSW,
,NSW,
Melbourne CBD,VIC,3000
,NSW,
,NSW,
,NSW,
,NSW,
,NSW,
,NSW,
,NSW,
,NSW,
,NSW,
,NSW,
,NSW,
,NSW,
,NSW,
,NSW,
,QLD,
,NSW,
,NSW,
St Lucia,QLD,4072
,NSW,
,NSW,
,NSW,
,NSW,
,NSW,
,NSW,
,NSW,
Fremantle,WA,6158
,NSW,
,NSW,
,NSW,
Eastern Suburbs,NSW,2036
Online,QLD,
Townsville,QLD,4814
,NSW,
,NSW,
,NSW,
,NSW,
,NSW,
,NSW,
,NSW,
,NSW,
,NSW,
,NSW,
,NSW,
,NSW,
,NSW,
,NSW,
,NSW,
,NSW,
,NSW,
,NSW,
,NSW,
,NSW,
,NSW,
,NSW,
,NSW,
,NSW,
Casuarina,NT,0810
,NSW,
,NSW,
,NSW,
,NSW,
,NSW,
,NSW,
Sydney,NSW,2000
,NSW,
,NSW,
Kingscliff,NSW,2487
,NSW,
,NSW,
,NSW,
,NSW,
,NSW,
,NSW,
,NSW,
,NSW,
Moore Park,NSW,
,NSW,
,NSW,
,NSW,
,NSW,
,NSW,
,NSW,
,NSW,
,NSW,
Matraville,NSW,2036
,NSW,
,NSW,
Melbourne,VIC,
,NSW,
,NSW,
,NSW,
,NSW,
,NSW,
,NSW,
,NSW,
,NSW,
,NSW,
,NSW,
,NSW,
,NSW,
Caboolture,QLD,4510
Balcatta,WA,6021
,NSW,
,NSW,
,NSW,
,NSW,
Yuendumu,NT,unknown
,NSW,
Dundas,NSW,2117
,NSW,
,NSW,
,NSW,
,NSW,
,NSW,
,NSW,
,NSW,
,NSW,
,NSW,
,NSW,
,NSW,
,NSW,
,NSW,
,NSW,
,NSW,
Hunter valley vineyards,NSW,
,NSW,
,NSW,
,NSW,
,NSW,
Stuart Park,NT,0800
,NSW,
,NSW,
,NSW,
,NSW,
,NSW,
,NSW,
,NSW,
,NSW,
,NSW,
,NSW,
Indooroopilly,QLD,4068
,NSW,
,NSW,
,NSW,
,NSW,
,NSW,
,NSW,
,NSW,
,NSW,
,NSW,
,NSW,
,NSW,
,NSW,
,NSW,
,NSW,
,NSW,
,NSW,
Taree,NSW,2430
,NSW,
,NSW,
,NSW,
,NSW,
,NSW,
,NSW,
,NSW,
,NSW,
,NSW,
,NSW,
,NSW,
,NSW,
,NSW,
,NSW,
,NSW,
,NSW,
,NSW,
,NSW,
,NSW,
,NSW,
,NSW,
,NSW,
,NSW,
,NSW,
,NSW,
,NSW,
,NSW,
Malaga,WA,
,NSW,
,NSW,
,NSW,
,NSW,
,NSW,
,NSW,
Cowra Library,NSW,2794
,NSW,
,NSW,
,NSW,
,NSW,
,NSW,
,NSW,
,NSW,
,NSW,
,NSW,
,NSW,
,NSW,
,NSW,
,NSW,
,NSW,
,NSW,
,NSW,
,NSW,
,NSW,
,NSW,
Healesville,VIC,3777
,NSW,
,NSW,
,NSW,
,NSW,
,NSW,
,NSW,
,NSW,
,NSW,
,NSW,
,NSW,
,NSW,
,NSW,
,NSW,
,NSW,
,NSW,
,NSW,
,NSW,
Queensland,QLD,4625
,NSW,
,NSW,
,NSW,
,NSW,
,NSW,
,NSW,
,NSW,
,NSW,
,NSW,
,NSW,
,NSW,
,NSW,
,NSW,
,NSW,
,NSW,
,NSW,